{"cameraMode":{"drawMode":0,"name":"Shaded","section":"Shading Mode"},"sceneLighting":true,"audioPlay":false,"sceneViewState":{"m_AlwaysRefresh":false,"showFog":true,"showSkybox":true,"showFlares":true,"showImageEffects":true,"showParticleSystems":true,"showVisualEffectGraphs":true,"m_FxEnabled":true},"in2DMode":false,"pivot":{"x":0.24078845977783204,"y":-0.6540722846984863,"z":3.9420864582061769},"rotation":{"x":-0.08786962926387787,"y":0.4661039710044861,"z":-0.0465657003223896,"w":-0.8791422843933106},"size":3.882113218307495,"orthographic":false}